no,kod,label_pendek,pernyataan
1,"M1","Item 1: Pendapat Munasabah","Murid memberikan pendapat yang munasabah dan logik berkaitan isi pelajaran semasa PdP."
2,"M2","Item 2: Respon Terhadap Soalan","Murid berupaya memberi respon terhadap soalan yang dikemukakan oleh guru dan/atau rakan."
3,"M3","Item 3: Galak Rakan Berkongsi","Murid memberi galakan kepada rakan yang lain untuk aktif berkongsi pendapat semasa PdP."
4,"M4","Item 4: Pembelajaran Kendiri","Murid menunjukkan kecenderungan pembelajaran kendiri semasa PdP."
5,"M5","Item 5: Selesaikan Tugasan","Murid berjaya menyelesaikan tugasan semasa aktiviti PdP."
6,"M6","Item 6: Hubungkait Ilmu Sedia Ada","Murid boleh menghubung kait antara pengetahuan sedia ada dengan pengetahuan baharu."
7,"M7","Item 7: Alat Berfikir Bersesuaian","Murid berupaya menggunakan alat berfikir yang bersesuaian semasa aktiviti PdP."
8,"M8","Item 8: Aplikasi Nilai Murni","Murid dapat mengaplikasikan nilai murni semasa PdP."
9,"M9","Item 9: Penilaian Kendiri/Rakan","Murid mampu menilai hasil kerja sendiri/rakan dan membuat penambahbaikan berdasarkan penilaian yang dibuat."
10,"M10","Item 10: Bertanya Soalan Aktif","Murid bertanya soalan kepada guru dan/atau rakan."
