domain_key,domain_nama,kod_item,tajuk_item,aspek_senarai,skala_1,skala_2,skala_3,skala_4,skala_5
perancangan,"1. PERANCANGAN (Skor Maksimum: 20)","1.1","1.1 Menetapkan objektif PdP bercirikan KBAT.","i. Eksplisit dan jelas.
ii. Mengikut pelbagai tahap keupayaan/penguasaan murid.
iii. Mengikut peruntukan masa yang ditetapkan.
iv. Mematuhi ketetapan kurikulum.","Guru merancang objektif PdP TANPA mana-mana perkara i, ii, iii dan iv.","Guru merancang objektif PdP bercirikan KBAT bagi mana-mana satu (1) daripada perkara i, ii, iii dan iv.","Guru merancang objektif PdP bercirikan KBAT bagi mana-mana dua (2) daripada perkara i, ii, iii dan iv.","Guru merancang objektif PdP bercirikan KBAT bagi mana-mana tiga (3) daripada perkara i, ii, iii dan iv.","Guru merancang objektif PdP bercirikan KBAT bagi semua empat (4) perkara berkenaan."
perancangan,"1. PERANCANGAN (Skor Maksimum: 20)","1.2","1.2 Merancang set induksi yang menggalakkan KBAT dalam PdP.","i. Mengikut pelbagai aras keupayaan murid.
ii. Pengetahuan sedia ada murid.
iii. Berupaya menarik minat murid.
iv. Mengikut peruntukan masa yang ditetapkan.","Guru merancang set induksi TANPA mana-mana perkara i, ii, iii dan iv.","Guru merancang set induksi yang sesuai dan menggalakkan KBAT dalam PdP bagi mana-mana satu (1) daripada perkara i, ii, iii dan iv.","Guru merancang set induksi yang sesuai dan menggalakkan KBAT dalam PdP bagi mana-mana dua (2) daripada perkara i, ii, iii dan iv.","Guru merancang set induksi yang sesuai dan menggalakkan KBAT dalam PdP bagi mana-mana tiga (3) daripada perkara i, ii, iii dan iv.","Guru merancang set induksi yang sesuai dan menggalakkan KBAT dalam PdP bagi semua empat (4) perkara berkenaan."
perancangan,"1. PERANCANGAN (Skor Maksimum: 20)","1.3","1.3 Merancang aktiviti pembelajaran yang berpusatkan murid berdasarkan kepada objektif PdP.","i. Mengikut pelbagai aras keupayaan murid.
ii. Mengikut peruntukan masa yang ditetapkan.
iii. Mematuhi ketetapan kurikulum.
iv. Menerapkan penggunaan alat berfikir.","Guru merancang aktiviti pembelajaran TANPA mana-mana perkara i, ii, iii dan iv.","Guru merancang aktiviti pembelajaran yang berpusatkan murid berdasarkan objektif PdP bagi mana-mana satu (1) daripada perkara i, ii, iii dan iv.","Guru merancang aktiviti pembelajaran yang berpusatkan murid berdasarkan objektif PdP bagi mana-mana dua (2) daripada perkara i, ii, iii dan iv.","Guru merancang aktiviti pembelajaran yang berpusatkan murid berdasarkan objektif PdP bagi mana-mana tiga (3) daripada perkara i, ii, iii dan iv.","Guru merancang aktiviti pembelajaran yang berpusatkan murid berdasarkan objektif PdP bagi semua empat (4) perkara berkenaan."
perancangan,"1. PERANCANGAN (Skor Maksimum: 20)","1.4","1.4 Merancang pentaksiran yang bercirikan KBAT.","i. Eksplisit dan jelas.
ii. Mengikut pelbagai tahap keupayaan/penguasaan murid.
iii. Mengikut peruntukan masa yang ditetapkan.
iv. Mematuhi ketetapan kurikulum.","Guru merancang pentaksiran yang bercirikan KBAT TANPA mana-mana perkara i, ii, iii dan iv.","Guru merancang pentaksiran yang bercirikan KBAT bagi mana-mana satu (1) daripada perkara i, ii, iii dan iv.","Guru merancang pentaksiran yang bercirikan KBAT bagi mana-mana dua (2) daripada perkara i, ii, iii dan iv.","Guru merancang pentaksiran yang bercirikan KBAT bagi mana-mana tiga (3) daripada perkara i, ii, iii dan iv.","Guru merancang pentaksiran yang bercirikan KBAT bagi semua empat (4) perkara berkenaan."
pelaksanaan,"2. PELAKSANAAN (Skor Maksimum: 25)","2.1","2.1 Menyediakan persekitaran PdP yang kondusif.","i. Mewujudkan suasana pembelajaran yang menyeronokkan.
ii. Menyusun atur kedudukan murid.
iii. Mengawasi perlakuan murid.
iv. Mengawasi komunikasi murid.","Guru menyediakan persekitaran PdP yang kondusif TANPA mana-mana perkara i, ii, iii dan iv.","Guru menyediakan persekitaran PdP yang kondusif bagi mana-mana satu (1) daripada perkara i, ii, iii dan iv.","Guru menyediakan persekitaran PdP yang kondusif bagi mana-mana dua (2) daripada perkara i, ii, iii dan iv.","Guru menyediakan persekitaran PdP yang kondusif bagi mana-mana tiga (3) daripada perkara i, ii, iii dan iv.","Guru menyediakan persekitaran PdP yang kondusif bagi semua empat (4) perkara berkenaan."
pelaksanaan,"2. PELAKSANAAN (Skor Maksimum: 25)","2.2","2.2 Melibatkan murid secara aktif dalam PdP/PdP berpusatkan murid.","i. Memberi tunjuk ajar/tunjuk cara/panduan menguasai isi pelajaran/konsep/fakta berkaitan pelajaran.
ii. Memberi tunjuk ajar/tunjuk cara/panduan menguasai kemahiran dalam aktiviti pembelajaran.
iii. Mendorong murid membuat keputusan dan menyelesaikan masalah dalam aktiviti pembelajaran.
iv. Mendorong murid menggunakan/memanfaatkan sumber pendidikan berkaitan pelajaran.
v. Menggabung/merentas/mengaitkan isi pelajaran dengan tajuk/unit/tema/nilai/kemahiran/mata pelajaran lain dalam aktiviti pembelajaran.","Guru melibatkan murid secara aktif dalam PdP berpusatkan murid bagi mana-mana satu (1) daripada perkara i, ii, iii, iv dan v.","Guru melibatkan murid secara aktif dalam PdP berpusatkan murid bagi mana-mana dua (2) daripada perkara i, ii, iii, iv dan v.","Guru melibatkan murid secara aktif dalam PdP berpusatkan murid bagi mana-mana tiga (3) daripada perkara i, ii, iii, iv dan v.","Guru melibatkan murid secara aktif dalam PdP berpusatkan murid bagi mana-mana empat (4) daripada perkara i, ii, iii, iv dan v.","Guru melibatkan murid secara aktif dalam PdP berpusatkan murid bagi semua lima (5) perkara berkenaan."
pelaksanaan,"2. PELAKSANAAN (Skor Maksimum: 25)","2.3","2.3 Menggunakan teknik penyoalan yang menggalakkan murid berfikir.","i. Merangsang murid berkomunikasi.
ii. Merangsang murid berkolaboratif dalam aktiviti pembelajaran.
iii. Mengemukakan soalan yang merangsang pemikiran kritis dan kreatif yang menjurus ke arah membuat keputusan dan menyelesaikan masalah.
iv. Menggalakkan murid mengemukakan soalan berkaitan isi pelajaran.
v. Menggalakkan murid memperoleh pengetahuan dan kemahiran secara kendiri.","Guru menggunakan teknik penyoalan yang menggalakkan murid berfikir bagi mana-mana satu (1) daripada perkara i, ii, iii, iv dan v.","Guru menggunakan teknik penyoalan yang menggalakkan murid berfikir bagi mana-mana dua (2) daripada perkara i, ii, iii, iv dan v.","Guru menggunakan teknik penyoalan yang menggalakkan murid berfikir bagi mana-mana tiga (3) daripada perkara i, ii, iii, iv dan v.","Guru menggunakan teknik penyoalan yang menggalakkan murid berfikir bagi mana-mana empat (4) daripada perkara i, ii, iii, iv dan v.","Guru menggunakan teknik penyoalan yang menggalakkan murid berfikir bagi semua lima (5) perkara berkenaan."
pelaksanaan,"2. PELAKSANAAN (Skor Maksimum: 25)","2.4","2.4 Menggunakan alat berfikir semasa PdP.","i. Merangsang murid berkomunikasi.
ii. Merangsang murid berkolaboratif dalam aktiviti pembelajaran.
iii. Mengemukakan soalan yang menjurus ke arah pemikiran kritis dan kreatif serta membuat keputusan dan menyelesaikan masalah.
iv. Menggalakkan murid mengemukakan soalan berkaitan isi pelajaran.
v. Menggalakkan murid memperoleh pengetahuan dan kemahiran secara kendiri.","Guru menggunakan alat berfikir semasa PdP bagi mana-mana satu (1) daripada perkara i, ii, iii, iv dan v.","Guru menggunakan alat berfikir semasa PdP bagi mana-mana dua (2) daripada perkara i, ii, iii, iv dan v.","Guru menggunakan alat berfikir semasa PdP bagi mana-mana tiga (3) daripada perkara i, ii, iii, iv dan v.","Guru menggunakan alat berfikir semasa PdP bagi mana-mana empat (4) daripada perkara i, ii, iii, iv dan v.","Guru menggunakan alat berfikir semasa PdP bagi semua lima (5) perkara berkenaan."
pelaksanaan,"2. PELAKSANAAN (Skor Maksimum: 25)","2.5","2.5 Melaksanakan pentaksiran bercirikan KBAT.","i. Menggunakan pelbagai kaedah pentaksiran.
ii. Menjalankan aktiviti pemulihan/pengayaan.
iii. Memberi latihan/tugasan berkaitan pelajaran.
iv. Menyemak/menilai hasil kerja/gerak kerja/latihan/tugasan.","Guru melaksanakan pentaksiran bercirikan KBAT TANPA mana-mana perkara i, ii, iii dan iv.","Guru melaksanakan pentaksiran bercirikan KBAT bagi mana-mana satu (1) daripada perkara i, ii, iii dan iv.","Guru melaksanakan pentaksiran bercirikan KBAT bagi mana-mana dua (2) daripada perkara i, ii, iii dan iv.","Guru melaksanakan pentaksiran bercirikan KBAT bagi mana-mana tiga (3) daripada perkara i, ii, iii dan iv.","Guru melaksanakan pentaksiran bercirikan KBAT bagi semua empat (4) perkara berkenaan."
refleksi,"3. REFLEKSI (Skor Maksimum: 5)","3.1","3.1 Melaksanakan refleksi PdP.","i. Guru mempraktikkan amalan refleksi dalam PdP.
ii. Berdasarkan objektif pembelajaran.
iii. Guru menilai kelemahan dan kekuatan PdP dengan jelas.
iv. Guru mengenal pasti tindakan susulan untuk penambahbaikan dan pemantapan PdP.","Guru melaksanakan refleksi PdP TANPA mana-mana perkara i, ii, iii dan iv.","Guru melaksanakan refleksi PdP bagi mana-mana satu (1) perkara daripada i, ii, iii dan iv.","Guru melaksanakan refleksi PdP bagi mana-mana dua (2) perkara daripada i, ii, iii dan iv.","Guru melaksanakan refleksi PdP bagi mana-mana tiga (3) perkara daripada i, ii, iii dan iv.","Guru melaksanakan refleksi PdP bagi semua empat (4) perkara berkenaan."
